{
	"info": {
		"_postman_id": "8bba82dd-8b01-4b71-9433-1132deea361b",
		"name": "General eReceipt Samples",
		"schema": "https://schema.getpostman.com/json/collection/v2.1.0/collection.json",
		"_exporter_id": "2623947"
	},
	"item": [
		{
			"name": "General eReceipt",
			"request": {
				"method": "POST",
				"header": [
					{
						"key": "Authorization",
						"value": "Bearer {{ACCESS_TOKEN}}"
					},
					{
						"key": "Link",
						"value": "<http://schema.concursolutions.com/general-receipt.schema.json>; rel=\"describedBy\""
					},
					{
						"key": "Content-Type",
						"value": "application/json"
					}
				],
				"body": {
					"mode": "raw",
					"raw": "{\n    \"dateTime\": \"2022-10-22T13:00:00+0800\",\n    \"reference\": \"91310000\",\n    \"seller\": {\n        \"taxId\": \"MA1FL0TJ7J\",\n        \"name\": \"ABC Corporation\",\n        \"description\": \",\",\n        \"location\": {\n            \"address\": {\n                \"streetAddress\": \"225 32nd Ave\",\n                \"addressLocality\": \"Seattle\",\n                \"addressRegion\": \"WA\",\n                \"addressCountry\": \"US\"\n            }\n        }\n    },\n    \"total\": \"180.0\",\n    \"taxesTotal\": \"20.0\",\n    \"subtotal\": \"160.0\",\n    \"payments\": [\n        {\n            \"amount\": \"180.0\"\n        }\n    ],\n    \"currencyCode\": \"USD\"\n}"
				},
				"url": {
					"raw": "https://{{HOST}}/receipts/v4/users/{{UUID}}",
					"protocol": "https",
					"host": [
						"{{HOST}}"
					],
					"path": [
						"receipts",
						"v4",
						"users",
						"{{UUID}}"
					]
				}
			},
			"response": []
		},
		{
			"name": "General eReceipt with Line Items",
			"request": {
				"method": "POST",
				"header": [
					{
						"key": "Authorization",
						"value": "Bearer {{ACCESS_TOKEN}}"
					},
					{
						"key": "Link",
						"value": "<http://schema.concursolutions.com/general-receipt.schema.json>; rel=\"describedBy\""
					},
					{
						"key": "Content-Type",
						"value": "application/json"
					}
				],
				"body": {
					"mode": "raw",
					"raw": "{\n    \"dateTime\": \"2022-10-22T13:00:00+0800\",\n    \"reference\": \"91310000\",\n    \"seller\": {\n        \"taxId\": \"MA1FL0TJ7J\",\n        \"name\": \"ABC Corporation\",\n        \"description\": \",\",\n        \"location\": {\n            \"address\": {\n                \"streetAddress\": \"225 32nd Ave\",\n                \"addressLocality\": \"Seattle\",\n                \"addressRegion\": \"WA\",\n                \"addressCountry\": \"US\"\n            }\n        }\n    },\n    \"total\": \"180.0\",\n    \"taxesTotal\": \"20.0\",\n    \"subtotal\": \"160.0\",\n    \"payments\": [\n        {\n            \"amount\": \"180.0\",\n            \"cardDetail\":{\n               \"cardType\":\"Visa\",\n               \"creditCardId\": \"4566\"\n            }\n        }\n    ],\n    \"currencyCode\": \"USD\",\n    \"lineItems\": [\n        {\n            \"sequenceNumber\": 1,\n            \"description\": \"Orange Juice\",\n            \"semanticsCode\": \"FOOD\",\n            \"unitCost\": \"20.00\",\n            \"quantity\": 2,\n            \"subtotal\": \"40.00\",\n            \"total\": \"40.00\"\n        },\n        {\n            \"sequenceNumber\": 2,\n            \"description\": \"Seafood Curry\",\n            \"semanticsCode\": \"FOOD\",\n            \"unitCost\": \"100.00\",\n            \"quantity\": 1,\n            \"subtotal\": \"100.00\",\n            \"total\": \"100.00\"\n        },       \n        {\n            \"sequenceNumber\": 3,\n            \"description\": \"SERVICE\",\n            \"semanticsCode\": \"FEE\",\n            \"unitCost\": \"20.00\",\n            \"quantity\": 1,\n            \"subtotal\": \"20.00\",\n            \"total\": \"20.00\"\n        }    \n      ]\n}"
				},
				"url": {
					"raw": "https://{{HOST}}/receipts/v4/users/{{UUID}}",
					"protocol": "https",
					"host": [
						"{{HOST}}"
					],
					"path": [
						"receipts",
						"v4",
						"users",
						"{{UUID}}"
					]
				}
			},
			"response": []
		},
		{
			"name": "Get eReceipt Data",
			"request": {
				"method": "GET",
				"header": [
					{
						"key": "Authorization",
						"value": "Bearer {{ACCESS_TOKEN}}"
					}
				],
				"url": {
					"raw": "https://{{HOST}}/receipts/v4/:receiptID",
					"protocol": "https",
					"host": [
						"{{HOST}}"
					],
					"path": [
						"receipts",
						"v4",
						":receiptID"
					],
					"variable": [
						{
							"key": "receiptID",
							"value": ""
						}
					]
				}
			},
			"response": []
		},
		{
			"name": "Get eReceipt Index",
			"request": {
				"method": "GET",
				"header": [
					{
						"key": "Authorization",
						"value": "Bearer {{ACCESS_TOKEN}}"
					}
				],
				"url": {
					"raw": "https://{{HOST}}/receipts",
					"protocol": "https",
					"host": [
						"{{HOST}}"
					],
					"path": [
						"receipts"
					]
				}
			},
			"response": []
		}
	]
}