{
	"info": {
		"_postman_id": "65dbae50-879c-401a-8e21-9087d660b65d",
		"name": "Quick Expense Samples",
		"schema": "https://schema.getpostman.com/json/collection/v2.1.0/collection.json",
		"_exporter_id": "2623947"
	},
	"item": [
		{
			"name": "Quick Expense - Meal",
			"request": {
				"method": "POST",
				"header": [
					{
						"key": "Authorization",
						"value": "Bearer {{ACCESS_TOKEN}}"
					},
					{
						"key": "Content-Type",
						"name": "Content-Type",
						"value": "application/json",
						"type": "text"
					}
				],
				"body": {
					"mode": "raw",
					"raw": "{       \"Comment\":\"Meal Expenses\",\n        \"expenseTypeId\":\"MEALS\",\n        \"location\":{\n            \"city\":\"SHANGHAI\",\n            \"countryCode\":\"CN\",\n            \"countrySubDivisionCode\":\"CN-31\",\n            \"name\":\"Shanghai Restaurant\"\n        },\n        \"paymentTypeId\":\"CASHX\",\n        \"transactionAmount\":{\n            \"currencyCode\":\"CNY\",\n            \"value\":160.00\n        },\n       \"transactionDate\":\"2022-08-08\",\n       \"Vendor\": \"Shanghai Restaurant\"\n}"
				},
				"url": {
					"raw": "https://{{HOST}}/quickexpense/v4/users/{{UUID}}/context/TRAVELER/quickexpenses",
					"protocol": "https",
					"host": [
						"{{HOST}}"
					],
					"path": [
						"quickexpense",
						"v4",
						"users",
						"{{UUID}}",
						"context",
						"TRAVELER",
						"quickexpenses"
					]
				}
			},
			"response": []
		},
		{
			"name": "Quick Expense - Business Meal",
			"request": {
				"method": "POST",
				"header": [
					{
						"key": "Authorization",
						"value": "Bearer {{ACCESS_TOKEN}}"
					},
					{
						"key": "Content-Type",
						"name": "Content-Type",
						"value": "application/json",
						"type": "text"
					}
				],
				"body": {
					"mode": "raw",
					"raw": "{\n  \"comment\": \"Offsite Team Lunch\",\n  \"expenseTypeId\": \"BUSML\",\n  \"entryDetails\": \"Business Meal\",\n  \"location\": {\n    \"city\": \"Bellevue\",\n    \"countryCode\": \"US\",\n    \"countrySubDivisionCode\": \"US-WA\"\n  },\n  \"paymentTypeId\": \"CASHX\",\n  \"transactionAmount\": {\n    \"currencyCode\": \"USD\",\n    \"value\": 88.05\n  },\n  \"transactionDate\": \"2022-02-12\"\n}"
				},
				"url": {
					"raw": "https://{{HOST}}/quickexpense/v4/users/{{UUID}}/context/TRAVELER/quickexpenses",
					"protocol": "https",
					"host": [
						"{{HOST}}"
					],
					"path": [
						"quickexpense",
						"v4",
						"users",
						"{{UUID}}",
						"context",
						"TRAVELER",
						"quickexpenses"
					]
				}
			},
			"response": []
		},
		{
			"name": "Quick Expense with image",
			"request": {
				"method": "POST",
				"header": [
					{
						"key": "Authorization",
						"value": "Bearer {{ACCESS_TOKEN}}"
					},
					{
						"key": "Content-Type",
						"name": "Content-Type",
						"value": "application/x-www-form-urlencoded",
						"type": "text"
					}
				],
				"body": {
					"mode": "formdata",
					"formdata": [
						{
							"key": "fileContent",
							"type": "file",
							"src": []
						},
						{
							"key": "quickExpenseRequest",
							"value": "{       \"Comment\":\"Meal Expenses\",\n        \"expenseTypeId\":\"MEALS\",\n        \"location\":{\n            \"city\":\"SHANGHAI\",\n            \"countryCode\":\"CN\",\n            \"countrySubDivisionCode\":\"CN-31\",\n            \"name\":\"Shanghai Restaurant\"\n        },\n        \"paymentTypeId\":\"CASHX\",\n        \"transactionAmount\":{\n            \"currencyCode\":\"CNY\",\n            \"value\":160.00\n        },\n       \"transactionDate\":\"2022-08-08\",\n       \"Vendor\": \"Shanghai Restaurant\"\n}",
							"type": "text"
						}
					]
				},
				"url": {
					"raw": "https://{{HOST}}/quickexpense/v4/users/{{UUID}}/context/TRAVELER/quickexpenses/image",
					"protocol": "https",
					"host": [
						"{{HOST}}"
					],
					"path": [
						"quickexpense",
						"v4",
						"users",
						"{{UUID}}",
						"context",
						"TRAVELER",
						"quickexpenses",
						"image"
					],
					"query": [
						{
							"key": "",
							"value": "",
							"disabled": true
						}
					]
				}
			},
			"response": []
		},
		{
			"name": "Quick Expense v4 uri",
			"request": {
				"method": "GET",
				"header": [
					{
						"key": "Authorization",
						"value": "Bearer {{ACCESS_TOKEN}}"
					},
					{
						"key": "Content-Type",
						"value": "application/json"
					}
				],
				"url": {
					"raw": "https://{{HOST}}/quickexpense/v4/users/{{UUID}}context/TRAVELER/quickexpenses/:quickExpenseId",
					"protocol": "https",
					"host": [
						"{{HOST}}"
					],
					"path": [
						"quickexpense",
						"v4",
						"users",
						"{{UUID}}context",
						"TRAVELER",
						"quickexpenses",
						":quickExpenseId"
					],
					"variable": [
						{
							"key": "quickExpenseId",
							"value": null
						}
					]
				}
			},
			"response": []
		}
	]
}