{
	"info": {
		"_postman_id": "26439b2b-56f8-495e-8e09-e111bf8320a2",
		"name": "Ground Transportation eReceipt Samples",
		"schema": "https://schema.getpostman.com/json/collection/v2.1.0/collection.json",
		"_exporter_id": "2623947"
	},
	"item": [
		{
			"name": "Taxi eReceipt - Cash",
			"request": {
				"method": "POST",
				"header": [
					{
						"key": "Authorization",
						"value": "Bearer {{ACCESS_TOKEN}}"
					},
					{
						"key": "Link",
						"value": "<http://schema.concursolutions.com/ground-transport-receipt.schema.json>; rel=\"describedBy\""
					},
					{
						"key": "Content-Type",
						"value": "application/json"
					}
				],
				"body": {
					"mode": "raw",
					"raw": "{\n    \"taxInvoice\": true,\n    \"reference\": \"Receipt No.123456\",\n    \"dateTime\": \"2022-11-22T11:43:00+0800\",\n    \"total\": \"40.00\",\n    \"taxesTotal\": \"0.00\",\n    \"currencyCode\": \"USD\",\n    \"seller\": {\n        \"name\": \"Grand Transportation Service\",\n        \"location\": {\n            \"address\": {\n                \"streetAddress\": \"1717 Park Street\",\n                \"addressLocality\": \"Seattle\",\n                \"addressCountry\": \"US\"\n            }\n        }\n    },\n    \"payments\": [\n        {\n            \"amount\": \"40.00\"\n        }\n    ],\n    \"classOfService\": \"BLACK\",\n    \"startDateTime\": \"2022-11-22T11:20:00+0800\",\n    \"endDateTime\": \"2022-11-22T12:30:00+0800\",\n    \"pickupLocation\": {\n        \"name\": \"Key Center Building, Bellevue, WA\",\n        \"address\": {\n            \"addressCountry\": \"US\",\n            \"addressLocality\": \"Seattle\"\n        }\n    },\n    \"dropoffLocation\": {\n        \"name\": \"Seattle-Tacoma International Airport, SeaTac, WA\",\n        \"address\": {\n            \"addressCountry\": \"US\",\n            \"addressLocality\": \"Seattle\"\n        }\n    },\n    \"distance\": {\n        \"totalDistance\": 18.9,\n        \"unit\": \"km\"\n    },\n    \"lineItems\": [\n        {\n            \"sequenceNumber\": 1,\n            \"reference\": \"\",\n            \"description\": \"Taxi Base Fare\",\n            \"additionalDescription\": \"\",\n            \"semanticsCode\": \"FEE\",\n            \"quantity\": 1,\n            \"total\": \"38.00\"\n        },\n        {\n            \"sequenceNumber\": 2,\n            \"reference\": \"\",\n            \"description\": \"Time\",\n            \"additionalDescription\": \"\",\n            \"semanticsCode\": \"FEE\",\n            \"quantity\": 1,\n            \"total\": \"2.00\"\n        }\n    ]\n}"
				},
				"url": {
					"raw": "https://{{HOST}}/receipts/v4/users/{{UUID}}",
					"protocol": "https",
					"host": [
						"{{HOST}}"
					],
					"path": [
						"receipts",
						"v4",
						"users",
						"{{UUID}}"
					]
				}
			},
			"response": []
		},
		{
			"name": "Taxi eReceipt - Credit Card",
			"request": {
				"method": "POST",
				"header": [
					{
						"key": "Authorization",
						"value": "Bearer {{ACCESS_TOKEN}}"
					},
					{
						"key": "Link",
						"value": "<http://schema.concursolutions.com/ground-transport-receipt.schema.json>; rel=\"describedBy\""
					},
					{
						"key": "Content-Type",
						"value": "application/json"
					}
				],
				"body": {
					"mode": "raw",
					"raw": "{\n    \"taxInvoice\": true,\n    \"reference\": \"Receipt No.123456\",\n    \"dateTime\": \"2022-11-22T11:43:00+0800\",\n    \"total\": \"40.00\",\n    \"taxesTotal\": \"0.00\",\n    \"currencyCode\": \"USD\",\n    \"seller\": {\n        \"name\": \"Grand Transportation Service\",\n        \"location\": {\n            \"address\": {\n                \"streetAddress\": \"1717 Park Street\",\n                \"addressLocality\": \"Seattle\",\n                \"addressCountry\": \"US\"\n            }\n        }\n    },\n    \"payments\": [\n        {\n            \"amount\": \"40.00\",\n            \"cardDetail\":{\n               \"cardType\":\"Visa\",\n               \"creditCardId\": \"7890\"\n            }\n        }\n    ],\n    \"classOfService\": \"BLACK\",\n    \"startDateTime\": \"2022-11-22T11:20:00+0800\",\n    \"endDateTime\": \"2022-11-22T12:30:00+0800\",\n    \"pickupLocation\": {\n        \"name\": \"Key Center Building, Bellevue, WA\",\n        \"address\": {\n            \"addressCountry\": \"US\",\n            \"addressLocality\": \"Seattle\"\n        }\n    },\n    \"dropoffLocation\": {\n        \"name\": \"Seattle-Tacoma International Airport, SeaTac, WA\",\n        \"address\": {\n            \"addressCountry\": \"US\",\n            \"addressLocality\": \"Seattle\"\n        }\n    },\n    \"distance\": {\n        \"totalDistance\": 18.9,\n        \"unit\": \"km\"\n    },\n    \"lineItems\": [\n        {\n            \"sequenceNumber\": 1,\n            \"reference\": \"\",\n            \"description\": \"Taxi Base Fare\",\n            \"additionalDescription\": \"\",\n            \"semanticsCode\": \"FEE\",\n            \"quantity\": 1,\n            \"total\": \"38.00\"\n        },\n        {\n            \"sequenceNumber\": 2,\n            \"reference\": \"\",\n            \"description\": \"Time\",\n            \"additionalDescription\": \"\",\n            \"semanticsCode\": \"FEE\",\n            \"quantity\": 1,\n            \"total\": \"2.00\"\n        }\n    ]\n}"
				},
				"url": {
					"raw": "https://{{HOST}}/receipts/v4/users/{{UUID}}",
					"protocol": "https",
					"host": [
						"{{HOST}}"
					],
					"path": [
						"receipts",
						"v4",
						"users",
						"{{UUID}}"
					]
				}
			},
			"response": []
		},
		{
			"name": "Taxi eReceipt - Company Paid",
			"request": {
				"method": "POST",
				"header": [
					{
						"key": "Authorization",
						"value": "Bearer {{ACCESS_TOKEN}}"
					},
					{
						"key": "Link",
						"value": "<http://schema.concursolutions.com/ground-transport-receipt.schema.json>; rel=\"describedBy\""
					},
					{
						"key": "Content-Type",
						"value": "application/json"
					}
				],
				"body": {
					"mode": "raw",
					"raw": "{\n    \"taxInvoice\": true,\n    \"reference\": \"Receipt No.123456\",\n    \"dateTime\": \"2022-11-22T11:43:00+0800\",\n    \"total\": \"40.00\",\n    \"taxesTotal\": \"0.00\",\n    \"currencyCode\": \"USD\",\n    \"seller\": {\n        \"name\": \"Grand Transportation Service\",\n        \"location\": {\n            \"address\": {\n                \"streetAddress\": \"1717 Park Street\",\n                \"addressLocality\": \"Seattle\",\n                \"addressCountry\": \"US\"\n            }\n        }\n    },\n    \"payments\": [\n        {\n            \"amount\": \"40.00\",\n            \"source\": \"Invoice\"\n        }\n    ],\n    \"classOfService\": \"BLACK\",\n    \"startDateTime\": \"2022-11-22T11:20:00+0800\",\n    \"endDateTime\": \"2022-11-22T12:30:00+0800\",\n    \"pickupLocation\": {\n        \"name\": \"Key Center Building, Bellevue, WA\",\n        \"address\": {\n            \"addressCountry\": \"US\",\n            \"addressLocality\": \"Seattle\"\n        }\n    },\n    \"dropoffLocation\": {\n        \"name\": \"Seattle-Tacoma International Airport, SeaTac, WA\",\n        \"address\": {\n            \"addressCountry\": \"US\",\n            \"addressLocality\": \"Seattle\"\n        }\n    },\n    \"distance\": {\n        \"totalDistance\": 18.9,\n        \"unit\": \"km\"\n    },\n    \"lineItems\": [\n        {\n            \"sequenceNumber\": 1,\n            \"reference\": \"\",\n            \"description\": \"Taxi Base Fare\",\n            \"additionalDescription\": \"\",\n            \"semanticsCode\": \"FEE\",\n            \"quantity\": 1,\n            \"total\": \"38.00\"\n        },\n        {\n            \"sequenceNumber\": 2,\n            \"reference\": \"\",\n            \"description\": \"Time\",\n            \"additionalDescription\": \"\",\n            \"semanticsCode\": \"FEE\",\n            \"quantity\": 1,\n            \"total\": \"2.00\"\n        }\n    ]\n}"
				},
				"url": {
					"raw": "https://{{HOST}}/receipts/v4/users/{{UUID}}",
					"protocol": "https",
					"host": [
						"{{HOST}}"
					],
					"path": [
						"receipts",
						"v4",
						"users",
						"{{UUID}}"
					]
				}
			},
			"response": []
		},
		{
			"name": "Taxi eReceipt with Receipt Image",
			"request": {
				"method": "POST",
				"header": [
					{
						"key": "Authorization",
						"value": "Bearer {{ACCESS_TOKEN}}"
					},
					{
						"key": "Link",
						"value": "<http://schema.concursolutions.com/ground-transport-receipt.schema.json>; rel=\"describedBy\""
					}
				],
				"body": {
					"mode": "formdata",
					"formdata": [
						{
							"key": "image",
							"type": "file",
							"src": []
						},
						{
							"key": "receipt",
							"value": "{\n    \"taxInvoice\": true,\n    \"reference\": \"Receipt No.123456\",\n    \"dateTime\": \"2022-11-22T11:43:00+0800\",\n    \"total\": \"40.00\",\n    \"taxesTotal\": \"0.00\",\n    \"currencyCode\": \"USD\",\n    \"seller\": {\n        \"name\": \"Grand Transportation Service\",\n        \"location\": {\n            \"address\": {\n                \"streetAddress\": \"1717 Park Street\",\n                \"addressLocality\": \"Seattle\",\n                \"addressCountry\": \"US\"\n            }\n        }\n    },\n    \"payments\": [\n        {\n            \"amount\": \"40.00\"\n        }\n    ],\n    \"classOfService\": \"BLACK\",\n    \"startDateTime\": \"2022-11-22T11:20:00+0800\",\n    \"endDateTime\": \"2022-11-22T12:30:00+0800\",\n    \"pickupLocation\": {\n        \"name\": \"Key Center Building, Bellevue, WA\",\n        \"address\": {\n            \"addressCountry\": \"US\",\n            \"addressLocality\": \"Seattle\"\n        }\n    },\n    \"dropoffLocation\": {\n        \"name\": \"Seattle-Tacoma International Airport, SeaTac, WA\",\n        \"address\": {\n            \"addressCountry\": \"US\",\n            \"addressLocality\": \"Seattle\"\n        }\n    },\n    \"distance\": {\n        \"totalDistance\": 18.9,\n        \"unit\": \"km\"\n    },\n    \"lineItems\": [\n        {\n            \"sequenceNumber\": 1,\n            \"reference\": \"\",\n            \"description\": \"Taxi Base Fare\",\n            \"additionalDescription\": \"\",\n            \"semanticsCode\": \"FEE\",\n            \"quantity\": 1,\n            \"total\": \"38.00\"\n        },\n        {\n            \"sequenceNumber\": 2,\n            \"reference\": \"\",\n            \"description\": \"Time\",\n            \"additionalDescription\": \"\",\n            \"semanticsCode\": \"FEE\",\n            \"quantity\": 1,\n            \"total\": \"2.00\"\n        }\n    ]\n}",
							"type": "text"
						}
					]
				},
				"url": {
					"raw": "https://{{HOST}}/receipts/v4/users/{{UUID}}",
					"protocol": "https",
					"host": [
						"{{HOST}}"
					],
					"path": [
						"receipts",
						"v4",
						"users",
						"{{UUID}}"
					]
				}
			},
			"response": []
		},
		{
			"name": "Get eReceipt Data",
			"request": {
				"method": "GET",
				"header": [
					{
						"key": "Authorization",
						"value": "Bearer {{ACCESS_TOKEN}}"
					}
				],
				"url": {
					"raw": "https://{{HOST}}/receipts/v4/:receiptID",
					"protocol": "https",
					"host": [
						"{{HOST}}"
					],
					"path": [
						"receipts",
						"v4",
						":receiptID"
					],
					"variable": [
						{
							"key": "receiptID",
							"value": ""
						}
					]
				}
			},
			"response": []
		},
		{
			"name": "Get eReceipt Index",
			"request": {
				"method": "GET",
				"header": [
					{
						"key": "Authorization",
						"value": "Bearer {{ACCESS_TOKEN}}"
					}
				],
				"url": {
					"raw": "https://{{HOST}}/receipts",
					"protocol": "https",
					"host": [
						"{{HOST}}"
					],
					"path": [
						"receipts"
					]
				}
			},
			"response": []
		}
	]
}