{
	"info": {
		"_postman_id": "5855f895-e74d-4836-b59d-f3e5c7249b79",
		"name": "ESS API endpoints",
		"schema": "https://schema.getpostman.com/json/collection/v2.1.0/collection.json",
		"_exporter_id": "1527280"
	},
	"item": [
		{
			"name": "US datacenter - Client Credentials Token (a.k.a App Token)",
			"request": {
				"method": "POST",
				"header": [
					{
						"key": "Content-Type",
						"name": "Content-Type",
						"type": "text",
						"value": "",
						"disabled": true
					}
				],
				"body": {
					"mode": "urlencoded",
					"urlencoded": [
						{
							"key": "client_id",
							"value": "ewe767d-5afe-4fe5-9d1c-xxxxxxxx",
							"description": "a.k.a App ID",
							"type": "text"
						},
						{
							"key": "client_secret",
							"value": "xxxxxxxxxxxxxxxxxxxxxxxxxxxxxxxx",
							"type": "text"
						},
						{
							"key": "grant_type",
							"value": "client_credentials",
							"type": "text"
						}
					]
				},
				"url": {
					"raw": "https://us2.api.concursolutions.com/oauth2/v0/token",
					"protocol": "https",
					"host": [
						"us2",
						"api",
						"concursolutions",
						"com"
					],
					"path": [
						"oauth2",
						"v0",
						"token"
					]
				}
			},
			"response": []
		},
		{
			"name": "EU datacenter - Client Credentials Token (a.k.a App Token)",
			"request": {
				"method": "POST",
				"header": [
					{
						"key": "Content-Type",
						"name": "Content-Type",
						"type": "text",
						"value": "",
						"disabled": true
					}
				],
				"body": {
					"mode": "urlencoded",
					"urlencoded": [
						{
							"key": "client_id",
							"value": "ewe767d-5afe-4fe5-9d1c-xxxxxxxx",
							"description": "a.k.a App ID",
							"type": "text"
						},
						{
							"key": "client_secret",
							"value": "xxxxxxxxxxxxxxxxxxxxxxxxxxxxxxxx",
							"type": "text"
						},
						{
							"key": "grant_type",
							"value": "client_credentials",
							"type": "text"
						}
					]
				},
				"url": {
					"raw": "https://eu2.api.concursolutions.com/oauth2/v0/token",
					"protocol": "https",
					"host": [
						"eu2",
						"api",
						"concursolutions",
						"com"
					],
					"path": [
						"oauth2",
						"v0",
						"token"
					]
				}
			},
			"response": []
		},
		{
			"name": "Create US Event Subscription",
			"request": {
				"method": "PUT",
				"header": [
					{
						"key": "Authorization",
						"value": "Bearer {{Access token}}",
						"type": "text"
					},
					{
						"key": "Content-Type",
						"value": "application/json",
						"type": "text"
					},
					{
						"key": "Accept",
						"value": "*/*",
						"type": "text"
					},
					{
						"key": "Cache-Control",
						"value": "no-cache",
						"type": "text"
					},
					{
						"key": "Accept-Encoding",
						"value": "gzip,deflate",
						"type": "text"
					},
					{
						"key": "Connection",
						"value": "keep-alive",
						"type": "text"
					}
				],
				"body": {
					"mode": "raw",
					"raw": "{\n  \"id\": \"public.partner.concur-travel.prod.us\",\n  \"filter\": \".*\",\n  \"topic\": \"public.concur.travel.itinerary\",\n  \"webHookConfig\": {\n    \"endpoint\": \"https://devint.com/listener/concurevent\"\n  }\n}"
				},
				"url": {
					"raw": "https://www-us2.api.concursolutions.com/events/v4/subscriptions/webhook",
					"protocol": "https",
					"host": [
						"www-us2",
						"api",
						"concursolutions",
						"com"
					],
					"path": [
						"events",
						"v4",
						"subscriptions",
						"webhook"
					]
				}
			},
			"response": []
		},
		{
			"name": "Create EU Event Subscription",
			"request": {
				"method": "PUT",
				"header": [
					{
						"key": "Authorization",
						"value": "Bearer {{Access token}}",
						"type": "text"
					},
					{
						"key": "Content-Type",
						"value": "application/json",
						"type": "text"
					},
					{
						"key": "Accept",
						"value": "*/*",
						"type": "text"
					},
					{
						"key": "Cache-Control",
						"value": "no-cache",
						"type": "text"
					},
					{
						"key": "Accept-Encoding",
						"value": "gzip,deflate",
						"type": "text"
					},
					{
						"key": "Connection",
						"value": "keep-alive",
						"type": "text"
					}
				],
				"body": {
					"mode": "raw",
					"raw": "{\n  \"id\": \"public.partner.concur-travel.prod.emea\",\n  \"filter\": \".*\",\n  \"topic\": \"public.concur.travel.itinerary\",\n  \"webHookConfig\": {\n    \"endpoint\": \"https://devint.com/listener/concurevent\"\n  }\n}"
				},
				"url": {
					"raw": "https://www-eu2.api.concursolutions.com/events/v4/subscriptions/webhook",
					"protocol": "https",
					"host": [
						"www-eu2",
						"api",
						"concursolutions",
						"com"
					],
					"path": [
						"events",
						"v4",
						"subscriptions",
						"webhook"
					]
				}
			},
			"response": []
		},
		{
			"name": "US - List of Subscriptions",
			"request": {
				"method": "GET",
				"header": [
					{
						"key": "Authorization",
						"value": "Bearer {{Access token}}",
						"type": "text"
					},
					{
						"key": "Concur-Correlationid",
						"type": "text",
						"value": "777-666-555",
						"disabled": true
					}
				],
				"url": {
					"raw": "https://www-us2.api.concursolutions.com/events/v4/subscriptions/webhook",
					"protocol": "https",
					"host": [
						"www-us2",
						"api",
						"concursolutions",
						"com"
					],
					"path": [
						"events",
						"v4",
						"subscriptions",
						"webhook"
					]
				}
			},
			"response": []
		},
		{
			"name": "EU - List of Subscriptions",
			"request": {
				"method": "GET",
				"header": [
					{
						"key": "Authorization",
						"value": "Bearer {{Access token}}",
						"type": "text"
					},
					{
						"key": "Concur-Correlationid",
						"type": "text",
						"value": "777-666-555",
						"disabled": true
					}
				],
				"url": {
					"raw": "https://www-eu2.api.concursolutions.com/events/v4/subscriptions/webhook",
					"protocol": "https",
					"host": [
						"www-eu2",
						"api",
						"concursolutions",
						"com"
					],
					"path": [
						"events",
						"v4",
						"subscriptions",
						"webhook"
					]
				}
			},
			"response": []
		},
		{
			"name": "US - List of Event Topics",
			"request": {
				"method": "GET",
				"header": [
					{
						"key": "Authorization",
						"value": "Bearer {{Access token}}",
						"type": "text"
					}
				],
				"url": {
					"raw": "https://www-us2.api.concursolutions.com/events/v4/topics",
					"protocol": "https",
					"host": [
						"www-us2",
						"api",
						"concursolutions",
						"com"
					],
					"path": [
						"events",
						"v4",
						"topics"
					]
				}
			},
			"response": []
		},
		{
			"name": "EU - List of Event Topics",
			"request": {
				"method": "GET",
				"header": [
					{
						"key": "Authorization",
						"value": "Bearer {{Access token}}",
						"type": "text"
					}
				],
				"url": {
					"raw": "https://www-eu2.api.concursolutions.com/events/v4/topics",
					"protocol": "https",
					"host": [
						"www-eu2",
						"api",
						"concursolutions",
						"com"
					],
					"path": [
						"events",
						"v4",
						"topics"
					]
				}
			},
			"response": []
		},
		{
			"name": "Delete US Sub",
			"request": {
				"method": "DELETE",
				"header": [
					{
						"key": "Authorization",
						"type": "text",
						"value": "Bearer {{Access token}}"
					}
				],
				"url": {
					"raw": "https://www-us2.api.concursolutions.com/events/v4/subscriptions/{id}",
					"protocol": "https",
					"host": [
						"www-us2",
						"api",
						"concursolutions",
						"com"
					],
					"path": [
						"events",
						"v4",
						"subscriptions",
						"{id}"
					]
				}
			},
			"response": []
		},
		{
			"name": "Delete EU Sub",
			"request": {
				"method": "DELETE",
				"header": [
					{
						"key": "Authorization",
						"type": "text",
						"value": "Bearer {{Access token}}"
					}
				],
				"url": {
					"raw": "https://www-eu2.api.concursolutions.com/events/v4/subscriptions/{id}",
					"protocol": "https",
					"host": [
						"www-eu2",
						"api",
						"concursolutions",
						"com"
					],
					"path": [
						"events",
						"v4",
						"subscriptions",
						"{id}"
					]
				}
			},
			"response": []
		},
		{
			"name": "Company JWT/Token",
			"request": {
				"method": "POST",
				"header": [
					{
						"key": "Content-Type",
						"name": "Content-Type",
						"type": "text",
						"value": "",
						"disabled": true
					},
					{
						"key": "correlation_id",
						"value": "",
						"type": "text",
						"disabled": true
					}
				],
				"body": {
					"mode": "urlencoded",
					"urlencoded": [
						{
							"key": "client_id",
							"value": "ewe767d-5afe-4fe5-9d1c-xxxxxxxx",
							"description": "a.k.a App ID",
							"type": "text"
						},
						{
							"key": "client_secret",
							"value": "xxxxxxxxxxxxxxxxxxxxxxxxxxxxxxxx",
							"type": "text"
						},
						{
							"key": "username",
							"value": "9d97625e-2146-47f3-xxxxxxxxxxxx",
							"description": "Company UUID or CompanyId or id (from App Center redirect url)",
							"type": "text"
						},
						{
							"key": "password",
							"value": "at-2zkm2lp3j0vynm2w3jaz3hu2lh7kln",
							"description": "requestToken.. temporary & valid only for 24 hours",
							"type": "text"
						},
						{
							"key": "grant_type",
							"value": "password",
							"type": "text"
						},
						{
							"key": "credtype",
							"value": "authtoken",
							"type": "text"
						}
					]
				},
				"url": {
					"raw": "https://us.api.concursolutions.com/oauth2/v0/token",
					"protocol": "https",
					"host": [
						"us",
						"api",
						"concursolutions",
						"com"
					],
					"path": [
						"oauth2",
						"v0",
						"token"
					]
				}
			},
			"response": []
		}
	]
}